<?xml version="1.0" encoding="UTF-8"?>
<project-private xmlns="http://www.netbeans.org/ns/project-private/1">
    <editor-bookmarks xmlns="http://www.netbeans.org/ns/editor-bookmarks/2" lastBookmarkId="0"/>
    <open-files xmlns="http://www.netbeans.org/ns/projectui-open-files/2">
        <group>
            <file>file:/C:/Users/Craig/Documents/NetBeansProjects/New%20Folder/Parker%20program%201%20Project/src/stu/parker/program2/svaccnt/SavingsAccount.java</file>
            <file>file:/C:/Users/Craig/Documents/NetBeansProjects/New%20Folder/Parker%20program%201%20Project/src/stu/parker/program2/svaccnt/MainClass.java</file>
        </group>
    </open-files>
</project-private>
